Country Name	1991	1992	1993	1994	1995	1996	1997	1998	1999	2000	2001	2002	2003	2004	2005	2006	2007	2008	2009	2010	2011	2012
Afghanistan	-1.763668654	-9.239797856	-9.07678961	-9.876490025	-7.122892119	-0.176290477	6.507283096	10.1001663	18.23392793	8.005549003	0.458057347	10.49425182	17.41590538	16.97281848	17.89786755	18.52761688	21.90782954	22.03668154	24.15716007	42.01234411	43.5287644	
Angola	-13.86723254	27.93202689	-21.71262778	-12.10336114	-5.070693491	-7.224122548	-34.86818259	-30.56971951	-28.90792546	-31.54290913	-32.34760864	-32.11431604	-29.4224462	-27.4498294	-29.42692712	-28.40327235	-27.78384032	-26.39472789	-24.59737841	-21.21213139	-19.5405753	-18.00826697
Albania	-25.54815309	-43.96378346	-45.40333347	-38.86473829	-42.21427539	-44.32165323	-50.50174694	-52.79169648	-41.56712656	-24.50750597	-38.62332055	-32.48229682	-29.50412716	-33.39978706	-25.23541984	-27.76617566	-11.09840794	-26.77960031	-27.03131716	-23.44818626	-21.60075238	-19.92389571
Andorra																						
Arab World	5.105374567	4.80888057	10.53130313	14.45601121	52.90856769	56.49585564	57.81557782	116.9195731	122.7763793	130.1754614	122.2948546	139.7744284	144.2089234	106.5666228	119.9130382	115.3614895	193.0071366	194.0778327	196.9903067	139.3640307	208.9130852	137.4298411
United Arab Emirates	10.3584509	8.636201136	12.17570806	21.40178045	29.52531989	42.11955235	40.55639384	44.82105202	47.87591477	59.20383584	58.64976331	74.90027001	84.95768116	93.10650035	97.75238359	109.4348989	131.7099741	150.1959977	151.6217263	166.3875175	174.960603	182.6106793
Argentina	0.237738564	2.094935181	3.739461491	1.648187806	3.204358665	8.137620926	12.4378557	16.86693738	25.25990975	24.3461322	22.4827046	16.69332595	29.35304954	38.78714275	34.45090119	40.15888577	44.26580132	54.37848988	40.0870453	36.81387061	39.88599043	42.67047235
Armenia	2.813527887	-41.31563671	-66.18303153	-75.30302185	-72.86537675	-75.76928747	-72.82810327	-72.75752236	-74.16486354	-72.22914128	-72.1129193	-73.87682537	-71.79981982	-69.1326456	-66.02569942	-64.64400207	-62.29782037	-49.57531317	-54.56883479	-53.93013435	-49.78658312	-50.18426544
American Samoa	2.87334542	5.539695026	7.936224804	10.16981957	12.28065179	14.1388853	15.86720511	17.40639837	52.76532108	133.8214438	149.6553582	151.9368869	154.3416752	156.7068048	159.0657914	161.5232356	164.525697	167.9716857	169.8019172	177.8884027	183.3150361	188.3294664
Antigua and Barbuda	0.287517369	-0.206336351	-3.516841287	2.300340406	5.279877983	4.760270261	-2.661037455	1.916235121	8.544741612	7.093031555	7.246388728	9.171472917	12.50381875	20.60629711	21.96764267	24.51811511	28.41783065	32.12827002			44.45971162	48.47329374
Australia	3.534839195	0.973198614	-0.587710598	8.320842342	1.450530834	5.512058843	90.96317001	90.91370476	146.7639786	124.18584	157.4166419	131.6927321	112.2478268	137.2689185	88.52691408	132.1451658	120.9470682	85.07826802	129.1460126	62.16162359	62.92721991	57.92847163
Austria	4.290034555	-0.766160223	-0.562362373	-0.101742356	3.311339926	7.278979925	6.130459182	7.379610014	5.064789795	3.56951485	7.533673664	9.456437906	16.06134019	20.65954397	22.19009664	19.79004936	16.83406116	18.50254139	11.53575923	17.95583858	15.6294744	13.30618653
Azerbaijan	1.121546005		-32.82171177	-37.95177938	-45.54592457	-50.0989147	-51.77122729	-48.8411522	-48.19539314	-45.39256671	-46.91689286	-48.3991163	-43.50995924	-42.37172701	-39.02787755	-37.90731933	-42.19454559	-31.06895409	-36.45925017	-35.04895639	-30.87686433	-27.60623717
Burundi	3.012565902	4.426208411	7.956055929	6.354724482	7.145713327	8.853495802	9.319861708	122.551169	-1.115104449	21.43431748	21.14735523	79.69345248	87.88361492	91.87408689	89.4398793	98.40899389	95.70536642	104.5401516	111.718634	115.8311087	119.7973667	123.4550193
Belgium	3.540060724	2.362803663	0.642288969	4.733085248	6.411583593	11.2001498	8.440515072	10.37356015	6.982738736	6.657365708	4.832345056	0.12764835	4.467206308	2.404736602	-0.853312163	-2.226529954	-4.387643681	-0.477727534	-4.904699228	0.113792704	-0.257233334	-3.263041778
Benin	-19.10363726	-6.644068111	-12.73973588	-12.65361224	-3.952926818	-4.467265514	-1.957767967	4.903304596	-7.834509184	-14.69434626	-30.03426805	1.20660409	-21.83275454	-32.7603441	2.934091976	-22.8920605	-15.47405343	-20.23406939	-19.32610554	-30.00372564	-29.45331086	-28.93719456
Burkina Faso	-2.397562013	3.759786224	5.796349439	9.548095179	15.8112947	19.29015777	27.33809782	273.2835213	240.9436746	282.4381677	239.2966017	312.002599	259.750243	256.2206763	293.462741	240.4175208	259.079953	235.0034112	257.773534	257.2205865	259.3129313	261.3724488
Bangladesh	-0.001328317	1.518959936	1.736346134	3.625770724	7.739938225	9.710365677	10.58021749	1.916162196	9.172887473	7.348918202	12.66899537	13.50485237	15.56613338	16.31112657	19.24994437	22.58754926	27.10307761	29.99076429	34.11652618	40.09636746	42.45936612	44.67096196
Bulgaria	-20.72920845	-25.50626627	-27.07284065	-28.93582059	-24.34737272	-23.34562251	-27.34215113	-33.47680674	-39.06299829	-38.7570346	-36.4083545	-41.05526812	-35.21454042	-36.28625176	-36.58498297	-35.32853684	-32.89907942	-33.645137	-39.73979817	-37.13774526	-32.51058881	-37.14016729
Bahrain	-15.33594315	-10.95949141	-10.09120269	-10.75729776	-10.09127489	-6.241326479			5.848652538		11.73307737	17.10371512	20.46002921	25.80780831	37.42761233	47.31479476			71.54465478	81.35299412	87.32970525	92.65536823
"Bahamas, The"	-3.474696034	-14.34298917	-17.64678908	-11.42471233	-1.709905148	7.320610446	-1.609002837	2.495643078	-0.36392091	-11.3634107	-12.29154111	-9.421643953	-1.043264504	3.851142354	7.250080398	11.69991935	14.89641831	20.76166096	20.65776235	27.18136802	31.52305485	35.38626796
Bosnia and Herzegovina	-9.980245051	-31.10995499	-40.94907293	-79.21525819	-79.00132752	-77.32118202	-61.74992209	-52.60546509	-50.92597735	-28.18035913	-42.26792038	-45.36059312	-40.46418476	-36.13751989	-33.64852127	-27.28847453	-21.2190659	-22.61274109	-21.8614686	-18.19772036	-15.68639253	-13.44313767
Belarus	-2.063819786	-8.223652346	-17.29837821	-24.5485963	-29.69574822	-29.6015584	-29.18443006	-52.91555901	-52.79975784	-55.02575202	-56.41921416	-51.60657301	-55.75193519	-53.81783743	-51.46493248	-49.04579316	-48.37931413	-45.60206161	-45.1195591	-41.64094725	-41.25430105	-40.86284581
Belize	9.073169702	-0.004888447	-3.876295197	-6.300192127	-4.707789555	-9.285859036	4.734385995	45.9004262	80.75671076	164.9641895	60.1798506	169.0915356	469.6572536	81.13775834	219.6036356	101.7582937	184.8295569	122.5561613	142.5043705	136.8958322	142.8003727	148.1141394
Bermuda	-10.93699558	-28.68193164	-27.86325427	-24.75965448	-23.92058941	-22.79853344		-29.28868133	-24.64591607	-20.5204788	-21.87736623	-19.27615912	-16.83860524	-9.341248126	-10.44562375	-8.032170651			-14.04347463	-8.930189546	-5.832908381	-3.076035704
Bolivia	-4.922931706	1.128298247	11.07938176	-18.74684456	-11.56201596	-8.577608755	-7.046551443	-29.39636258	17.24835896	-52.55490552	-67.70023332	-42.53637851	-35.32297984	31.10663542	60.63602771	-14.75811697	18.12457008	-37.70779409	-60.32822516	-46.58561375	222.3440605	222.730662
Brazil	-2.256686799	2.675521122	10.36173757	-9.385832021	-1.977556993	0.470119482	2.565323095	40.93590307	-0.644129864	-23.8810033	-20.46790833	-0.895417782	1.14215287	22.488853	48.5758817	0.925775718	68.3154557	-4.5666217	-24.54474128	80.6889399	83.8515352	86.11633574
Barbados	3.744728881	3.092933891	-5.913409694	-8.894527564	-8.344972604	-9.671424762	-6.387251983	0.749855529	9.209839206	9.525991915	2.121355184	5.340536598										28.4202694
Brunei Darussalam	-4.149471758	25.65973589	10.07903947	3.605193814	15.77795752	-1.162812261	1.446240369	-3.144754762	-48.38602958	-47.46275857	-46.28809937	-46.42056193	-41.40485259	-43.81105958	-40.27826552	-28.15713636	-29.22965024	-25.20155091	-26.22656707	-23.10245622	-21.08308447	-19.26199448
Bhutan	-0.25211084	24.59368748	24.38101519	26.13198558	28.72684745	29.98024541	24.75976967	51.78662695	201.338665	80.42995484	26.03850464	33.39134793	14.64130394	26.80159344	26.38150921	53.60419536	81.74161347	49.06817424	71.14651937	151.5656181	154.6283229	157.5464599
Botswana	-18.01861725	15.86268987	-31.2437033	-17.12916653	-9.123474501	-23.67458219	-24.47101024	156.4394611	159.657456	196.7340535	306.4053283	284.7302399	30.73263723	78.61779761	80.87420367	225.1655291	95.04013322	446.2548933	71.5532792	510.5715742	512.3571049	513.9965218
Central African Republic	-27.44548555	-10.80020652	-19.56522843	-20.6573664	-8.438782713	-11.41352665	-9.50892258	275.3844173	198.9833508	241.6774201	210.3749482	140.0188779	264.4353034	136.2225997	211.5238897	307.2045604	375.5984322	312.6982144	192.8842323	249.7612161	251.0242086	252.2856531
Canada	2.869208211	1.641016289	7.706557579	32.61749838	37.3494714	14.79884998	13.37042148	85.49612854	34.97856198	24.96496546	18.04701282	49.28676573	56.29973467	70.88260266	39.61223621	47.0255633	46.55640438	49.32617035	23.19404191	25.53910073	69.78929693	68.73487187
Central Europe and the Baltics	-9.13132296	-15.71389499	-18.91141357	-20.50336852	-19.45662822	-19.89506419	-21.74802052	-28.78963151	-31.81549419	-29.8262606	-29.99829491	-31.09997365	-29.05567674	-27.95225851	-28.17866878	-26.84580729	-26.46603909	-27.30196199	-31.81806308	-28.8634627	-28.30960141	-30.35918888
Switzerland	2.58900762	1.972082187	-2.706606362	-2.760870305	-3.220481106	-2.610146823	-4.931904856	-3.589261712	-3.800382612	-5.905942945	-4.111136627	-6.022614989	-3.264629399	-2.07689548	-0.906044623	-1.120327928	-4.045329039	0.427514898	-2.035377849	1.348343112	-5.899467477	-4.053110896
Channel Islands																						
Chile	-3.279345727	1.250651445	6.789755513	13.78832963	21.38226525	34.52680314	50.54315914	67.41719031	77.39916427	65.14548794	66.01814751	66.66122117	72.18313001	82.49223369	85.62720046	86.30457507	106.6995422	102.8512353	101.7247819	108.8149428	114.9846247	120.5139441
China	3.661683576	7.188324812	12.98889939	18.51719081	29.53428973	33.11874998	31.36741813	32.0789043	30.48336917	30.56125648	32.18471457	40.6465907	59.96614779	82.82137879	100.4671666	120.2443062	134.3901334	157.4585442	172.7498305	187.3039783	209.9220846	219.9524772
Cote d'Ivoire	-18.57226467	-6.347618042	-12.28050251	-12.35262509	-3.122694572	-4.717444485	-2.150890939	-83.5986459	-84.02295171	-80.65530542	-81.21939647	-81.16239867	-85.27788694	-84.93321682	-82.73151662	-82.09680889	-81.69550497	-80.49794927	-79.83895368	-78.63001033	-78.30003177	-77.98815553
Cameroon	-17.07088499	-6.506810173	-11.13662794	-14.69965647	-6.95777624	-8.565701387	-6.940252754	61.68072219	38.12673986	67.18916519	21.92666296	31.45675984	71.19594333	0.031663233	64.75664598	26.9926756	23.34776078	23.94798041	19.66525879	2.325353889	2.902733896	3.451748715
"Congo, Dem. Rep."	-16.59606171	32.48279407	-23.74644491	-11.45361763	-10.5032724	-23.69380502	-27.50298523	-26.34205577	-40.14769452	-37.40946263	-50.73652589	-44.51976439	-45.66980942	-40.7148996	-42.29677674	-33.00354988	-34.97175834	-45.23393425	-46.84631589	-41.95540271	-41.84441104	-41.73442939
"Congo, Rep."	-14.80398198	28.47296938	-21.02672613	-10.55951954	-8.804022551	-18.86060847	-21.6523106	-49.09260263	-56.14896325	-55.25707298	-44.40519452	-60.89258443	-45.12190835	-46.03493757	-38.76831664	-40.23600525	-46.24896105	-51.14425916	-45.53936483	-44.53880474	-44.13395914	-43.75716601
Colombia	-1.324266791	2.337675609	8.246553955	-2.340137235	2.697961741	5.186922342	7.835539411	-5.198049257	-14.24117623	-5.663240324	-11.80540418	-15.00222799	-6.54610213	0.121428734	-13.63506985	-13.10241315	1.512158387	-3.983359387	-1.424860958	-4.415832031	-2.406787585	-0.564903873
Comoros	0.33695588	0.158107962	2.48465889	4.720711369	8.010964359	10.45593964	12.57489534	16.05496265	20.75456555	24.29960849	43.91142655	38.01206916	31.57917578	32.36144815	63.34551025	30.88313786	74.49136718	96.72156702	80.61167376	84.67190612	88.31134155	91.66933933
Cabo Verde	4.448394945	13.91840866	14.9277824	9.810547094	21.15207294	12.00721597	19.4764136	26.6869313	31.69492623	60.08364082	44.91219495	48.40584594	52.280873	61.15689819	74.20296859			77.25703609	80.75489022			
Costa Rica	3.692263888	17.81144503	16.99039951	21.68437224	17.00139001	15.28430526	15.48586483	23.05795068	20.30265653	14.63247501	27.03757823	16.34186584	21.20199931	23.01523144	17.47136561	24.68455494	31.46739964	25.74830837	28.78782417	35.96529703	39.57395088	42.82567901
Caribbean small states	-1.393436083	2.673504542	6.350603797	-6.406812977	-0.952773722	1.866452807	1.485046328	29.71425754	14.20509129	18.89709392	14.73208511	-33.73758426	43.63277736	55.15094048	68.45275328	88.29027239	90.80538787	96.81849937	143.6442822	100.6970249	113.8680901	122.900542
Cuba	-10.64922926	-18.79472089	-23.40160728	-20.25863367	-18.3349703	-14.84094646	-12.98199808	-18.45819629	-19.65454005	-18.90897837	-21.97605965	-14.39755342	-14.98972642	-14.83900059	-19.77513298	-20.22737182	-22.84375693	-14.87718341	-11.39222187	-12.72955002	-10.29595995	-8.108686256
Curacao																						
Cayman Islands	3.345671056																					
Cyprus	11.23172891	18.3449641	22.06945001	30.45376635	28.53391621	35.11042352	36.52708458	43.36505631	47.61066008	55.01352224	51.85830912	56.73003004	73.41193076	70.07194241	73.70474348	70.78467302	76.93260808	78.66112537			49.15784334	44.84747212
Czech Republic	-9.079781777	-14.75764051	-19.24554904	-23.03448379	-23.2908475	-21.03124367	-23.82809549	-25.1096154	-27.43144491	-17.42324661	-19.63979799	-22.34090185	-19.55623483	-22.48999431	-24.79799468	-24.6874669	-23.63212322	-26.57105213	-29.72858178	-25.73808399	-26.29549062	-29.17807323
Germany	-2.950240122	-7.744569801	-8.63346486	-9.564431485	-9.900312962	-8.195067133	-10.60102007	-15.57836308	-18.76344605	-19.08951855	-18.31823002	-19.79732855	-18.99474448	-19.06298786	-21.87660433	-20.80991868	-22.54467475	-21.01450401	-24.33062177	-24.52620374	-25.9963791	-24.23084242
Djibouti	5.418880839	-2.992646914	-1.725934833	0.189175068	5.096111173	5.174085227	10.79591973	9.496801401	8.253349729	8.101495838	24.83053035	10.83756295	14.99958023	16.15644067	18.57956797	18.01903115	33.53318568	38.2617768	38.51696482	44.3699232	48.31097527	51.86178515
Dominica	-0.349540509	-0.492373256	-2.510663935	5.810944221	7.392018255	7.855772768	1.077897671	4.733397061	11.30643022	7.80896109	20.27678576	21.75393002	24.47597929	33.96784954	33.62557258	46.29914991	49.44838109	55.20329012	55.44004125	61.72072326	66.36507182	70.53815331
Denmark	14.57184192	5.933643181	9.398843483	14.43320174	9.666007142	28.148444	14.77469487	5.188684653	0.64259389	-5.422558223	-3.316526184	-4.271685482	3.474546236	-5.00700546	-10.57798387	0.374290697	-6.19561978	-10.09464483	-13.06773187	-12.14742697	-19.40839836	-25.91027262
Dominican Republic	4.918604334	16.55360436	15.46478771	24.85372155	29.66156103	37.24702636	47.124595	57.83075696	59.14351045	67.58984104	67.14302011	72.06672386	66.85415848	67.60039444	72.03418194	74.31597278	78.77111766	80.25883283	79.3987201	86.27390634	91.62325518	96.42837607
Algeria	4.888107041	14.27060532	15.07308777	11.41996068	16.30253016	16.23640262	16.46431575	18.89734042	24.7530604	25.67726956	21.50297404	23.27647726	31.13932917	31.37827985	37.38585736	42.47189374	47.80611272	50.70134343	51.10967283	57.52110974	61.86968473	65.78502652
East Asia & Pacific (excluding high income)	16.41029239	23.37255094	12.71207735	25.62102441	21.95526388	20.45265999	75.71329165	17.84597858	5.351384197	0.553224327	4.830553264	26.39756322	23.23408781	45.13300911	53.30440811	82.23223225	71.29608707	80.21001382	96.42421266	100.0009126	117.9914763	124.6840578
Early-demographic dividend	14.86528653	20.55361946	8.539794862	18.37990324	14.63765702	14.02688923	70.13833678	21.38379385	15.32260241	8.160631688	10.14783662	27.7700877	18.95781607	24.53119877	27.7181291	45.36063646	38.56101957	18.85355353	25.80979807	19.17341459	40.81356281	37.49792177
East Asia & Pacific	12.9745157	18.67476917	11.13142119	22.14968408	19.97315836	19.53494849	65.49243071	21.54149348	15.94204096	11.62349673	17.10559385	31.87375773	29.32930356	47.21553946	50.99038927	74.85897358	66.67119189	70.71254196	83.98520828	84.42288124	98.7456736	104.7285886
Europe & Central Asia (excluding high income)	-5.956253004	-14.18843697	-18.05228877	-26.3432817	-28.2167001	-27.37269923	-33.05791507	-18.20296832	-34.24498476	-29.33501341	-31.46460326	-24.45835886	-15.27378066	-33.03651946	-31.09768959	-26.20082123	-27.83422836	-21.18722015	-30.61168969	-28.01896326	-24.1866574	-23.50764438
Europe & Central Asia	-3.456048121	-9.313171071	-12.30652996	-16.72347694	-17.32885942	-16.15961614	-19.80885554	-12.98314599	-22.33224202	-19.29234542	-20.32183735	-16.84205242	-11.01778153	-20.47499214	-19.75438005	-17.18166547	-18.49518719	-15.56285635	-22.94613839	-20.80278447	-19.93848953	-19.71623656
Ecuador	3.792220345	7.255041545	8.912761688	18.67443919	26.32978254	33.67302418	34.11877359	31.76829089	21.10994922	28.98826125	33.40096849	38.0977731	42.97838178	48.8418064	52.46309101	57.14966537	61.38272935	54.25824051	60.23701704	63.06392697	67.18896374	70.9249596
"Egypt, Arab Rep."	1.973956382	6.590125202	8.532479587	5.428077161	11.80664132	14.47817541	18.84884463	22.73151747	27.94243984	32.60787386	34.64430225	45.77757507	52.32802878	60.57424455	75.25998615	84.26855125	91.40842277	93.91331865	91.46101408	101.4753789	107.2497543	112.4343926
Euro area	-0.063426567	-3.235918134	-5.242562935	-5.125046052	-3.993047561	-2.252461727	-2.886361937	-4.159255871	-5.671578755	-4.533150511	-4.182299817	-3.922003024	-2.0309643	-2.12455502	-2.643962437	-3.259366206	-4.161346368	-5.626934846	-10.74133227	-10.00106997	-12.09585363	-12.41111102
Eritrea	-0.017456009	10.59255356	3.674100202	8.044845693	12.47518808	25.51753755	36.2124975	40.04000191	48.09762928	49.35227321	41.68413492	33.62005224	34.37453742	35.90448079	34.21196447	34.42574511	45.98234293	48.55769797	42.45126544	45.26043389	47.30209978	49.25122003
Spain	2.467015233	5.166233675	0.190405049	4.421908927	8.902979641	5.60543411	12.46640363	17.1956602	23.94007302	29.89267539	28.733221	35.47869707	39.041863	43.55458983	48.9780394	46.66047683	49.96235687	38.01909192	27.09437002	20.88849874	20.62919946	18.72013984
Estonia	-7.635956894	-26.04128373	-37.48583922	-38.59641386	-42.75879271	-41.55610161	-42.43456006	-65.31965705	-67.55717887	-68.14901841	-67.8418606	-58.85201034	-65.13591568	-64.10577108	-64.05350924	-64.81568372	-57.86908693	-60.79411358	-66.27260457	-59.18942341	-56.30037939	-58.24717823
Ethiopia	-5.407367787	2.409825419	-2.88644769	-2.109360635	2.825419085	6.254255777	9.672721087	183.6670775	223.6138414	172.83222	114.9429304	177.4857831	155.1711435	160.3969127	197.1893843	160.3016327	180.8397022	160.4230581	170.4769893	171.5744743	173.4684821	175.3203116
European Union	-1.707624171	-5.144260164	-7.303471491	-7.472647764	-6.476848228	-4.932819781	-6.567496265	-8.951871397	-11.07990516	-10.0421266	-9.704645041	-10.30528734	-8.23861671	-8.320910859	-8.937514357	-8.894501974	-9.819533721	-11.22638527	-16.40648954	-14.85079764	-16.94344883	-17.40170619
Fragile and conflict affected situations	-13.22733335	22.92360201	-10.09675533	-6.88756227	-1.394361627	-15.28945595	-13.15199584	4.140307634	-6.703356259	-8.214304889	-16.81295416	-12.11635549	-9.182941168	-8.2049853	-6.358851842	-2.345313231	11.45570258	-3.375282284	-9.062100882	-3.661781587	3.44673679	3.48729475
Finland	-0.115052888	-4.915918048	-2.753344423	6.887737595	2.476734576	11.11744647	8.653256047	3.147249894	1.239181827	-0.579156977	6.264250127	11.11346948	25.75335686	17.22729933	0.8533227	16.67382007	13.48310954	3.745179604	-0.742736562	11.66894335	0.753839881	-8.579336138
Fiji	-6.702711982	-14.07304537	-9.813085757	-10.51121989	-6.297845199	-4.550401552	-4.794657895	-0.264150156	-10.22241824	-32.38402676	-29.60692265	-22.40858293	-17.05453661	-22.25913243	-21.16030523	-16.44121634	-9.926248188	-8.798359613	0.309599415	-7.082528477	-4.964733282	-3.035459305
France	4.739024263	1.681838393	-2.450200229	-2.982714811	-2.104281549	3.216923297	1.899403208	4.176469403	1.625020047	0.944124387	1.896399666	0.57056634	1.788743339	1.075125556	0.440762787	-1.320371058	-2.47674575	-1.849917182	-4.896380783	-4.065772151	-9.379845994	-10.01264095
Faroe Islands																						
"Micronesia, Fed. Sts."	1.847903073	3.759685252	5.636895463	6.267675913	21.39167023	21.94706368																
Gabon	-6.487216524	14.82182711	-3.938033515	-0.086189645	7.76671478	10.52765263	5.706423568	210.5846438	191.1164577	168.1720569	12.01076007	3.088387354	19.97195605	23.30142284	15.5500835	13.76074248	6.546321876	403.4627713	16.68818703	177.3800374	179.5891523	181.5918167
United Kingdom	0.693877136	-2.087455831	-5.618410316	-6.248548156	-6.292506025	-4.230511946	-7.855799714	-9.273342563	-12.49822749	-13.29656986	-12.11512872	-14.88230668	-13.67020544	-14.70922864	-15.19935866	-15.29930768	-16.83281482	-18.24742493	-24.74168902	-21.57078336	-26.91334242	-24.63375595
Georgia	-17.78639726	-28.55261082	-39.78311728	-56.84792787	-64.37451425	-66.16632923	-68.40196255	-70.57877724	-71.26584098	-69.76942301	-74.39041186	-45.97814214	-74.74281848	-73.39529724	-70.72214977	-69.02131585	-66.28782394	-67.86513074	-65.33251007	-65.70271955	-61.62853744	-61.72809374
Ghana	-15.74068549	-2.881113653	-6.307833515	-5.089792494	3.441993444	3.745869452	6.46478842	342.3458561	220.4764561	265.1388247	253.9045494	214.8462334	266.2592739	140.9930771	283.6496709	252.7467998	263.8977643	320.6482379	255.6893098	260.8428175	263.1940946	265.4252047
Gibraltar	37.60629664	61.71852992	63.89078488	91.56990549	89.77370405	91.74357116	99.70038276	109.6274591	117.5831844	123.378005	127.2231614	131.3220309	141.1345491	143.2101717			167.4780012				187.93387	196.6450146
Guinea	-18.88763706	-7.893492337	-13.51705104	-13.57101704	-4.040763919	-5.25302854	-4.612406022	78.51097193	37.88408228	29.4449488	23.20684065	56.87042018	15.18587686	17.04037976	25.70471883	55.73939916	39.82820677	107.498043	145.8346939	53.86375017	54.69288406	55.51318586
"Gambia, The"	-3.984034815	-0.839584445	-2.147942755	0.498143686	4.588292506	4.299890256	5.176310968	75.57717648	128.217371	140.8384832	213.6049483	186.4717505	104.9845657	161.8933858	152.3225468	215.3707017	238.7239285	181.6472419	153.2788993	192.6703818	194.7174136	196.6766684
Guinea-Bissau	-8.199511337	-2.19929044	-2.954921063	-1.853123968	4.436350746	3.944409289	4.932497722	299.8228156	415.4785418	316.9568772	358.3016379	263.8628455	569.0248603	337.3529918	242.7061888	542.1209278	320.0914569	256.5843001	209.8429099	362.69055	364.8282453	366.888499
Equatorial Guinea	169.6866703	334.3165765	506.5574287	671.6504961	718.4692618	782.0840021	1106.841605	1348.351553	1454.210863	1563.377557	2068.623704			2182.019257	2232.109678	2239.198262	2335.343309	2269.286505	2299.75392	2406.00408		2519.019567
Greece	-1.026262059	0.282632217	-0.34839554	0.799747405	2.735286815	5.892257087	9.83653299	17.80069583	13.65491203	19.20814922	17.96092294	19.14500003	22.83510831	22.20061	24.18518062	21.3681505	31.79548656	21.36542794	17.2842121	11.22185162	8.643670233	4.047346283
Grenada	-0.282509482	-0.106341147	-0.955121641	17.55891241	12.4997675	24.94592301	31.7340479	30.20980727	40.48518514	200.8003439	181.6240377	203.8152852	199.7715997	217.3098434	256.0774019	298.2569904	296.2961433	307.6788601	308.5342501	332.3320407	346.9152017	359.8984646
Greenland																						
Guatemala	12.95100337	11.59093567	23.89901974	23.95535499	31.04892651	33.497482	29.43840737	487.3522025	55.07603465	369.6048277	46.04948047	110.7990168	270.3896534	63.46057043	179.9900369	81.12662169	128.642732	120.413985	148.9955454	103.4400816	107.6172581	111.4086497
Guam	2.174133643	4.635406842	7.105273722	9.423816307	11.66028949	13.80658044	15.97200443	11.26929933	13.39110291	15.56375745	17.74029219	20.04480053	22.13329045	24.34408129	26.41814135	28.57104741	30.84637983	33.27644023	35.38380464	38.94053795	40.84867023	42.67604681
Guyana	-1.361917078	3.801292978	10.69535049	-9.0358348	-3.755040293	-1.855068718	-1.889350415	-23.13609959	-72.63538944	-73.67727231	-70.86337252	-69.60665242	-65.39693926	-70.33311046	-70.6172801	-72.22532604	-70.48584841	-69.44908999	53.94672034	-64.52267287	-63.89356391	-63.30733113
High income	0.326788454	-0.327290969	0.529746515	3.177639709	5.858471087	7.605563604	11.03554748	13.25636189	13.51835758	14.11721303	14.58124569	16.01970088	17.55338772	18.66602012	15.48250235	16.11848795	19.55697988	14.68465023	12.56813694	9.750734616	13.8841954	8.828746427
"Hong Kong SAR, China"	7.944558777	20.00984203	26.70037587	9.383975725	9.092129616	6.741821349	0.036818616	23.54530316	31.44472657	21.57951258	24.79059474	21.22402503	28.55834067	23.39540695	24.58708373	27.16356814	31.67664683	39.43788426	39.68737679	47.7689191	52.86098899	57.38974321
Honduras	12.50694226	4.842722906	12.03276841	13.91565982	22.59591904	25.25024306	17.46555689	66.43342038	2.007286192	59.81220539	-8.637196631	8.354879447	66.1001599	9.358070718	69.12044051	21.60405109	39.76364365	44.18951621	44.85777136	43.29941036	46.3632273	49.15453646
Heavily indebted poor countries (HIPC)	-15.13596193	18.28234743	-16.45521698	-10.93183901	-7.151158774	-14.97886644	-16.30355765	57.88755776	33.0781593	33.86800292	21.67248242	25.3962119	42.25411764	32.79990573	53.75012791	40.74443475	56.94262694	44.39035183	32.00110448	38.27109544	56.23381946	56.14695909
Croatia	-24.14548077	-28.61550981	-28.3696346	-30.65132209	-29.11550982	-30.61216133	-23.86520225	-21.02321512	-21.68205608	-21.36873206	-21.79193037	-18.51944415	-13.59592888	-14.51825267	-14.02297493	-12.79499737	-4.126273667	-5.171454869	-9.423802476	-10.2540793	-12.3244631	-12.41792098
Haiti	3.343233613	8.010151677	5.085684271	-3.269813793	11.09390079	17.048778	23.8068099	26.00278623	30.6821053	34.01371894	39.97630235	42.1747099	41.85013004	46.9354348	50.45653931	52.50529929	59.36585581	57.96927777	57.79669121	59.51444883	62.31934605	64.93352333
Hungary	-7.510101254	-18.18250714	-18.75359192	-19.480995	-20.63594234	-17.26123255	-19.26316402	-20.15682469	-19.86037225	-22.62396149	-22.12462574	-23.50561494	-21.07897317	-22.15868093	-22.56071527	-22.97395198	-25.85383206	-26.62510825	-32.53651879	-32.0868754	-33.99946116	-35.43110871
IBRD only	4.765240888	3.748028252	0.861681416	2.363058792	1.459983371	3.484644153	23.20605777	13.09798292	-0.639461569	-1.361830852	-0.446224164	11.02145517	15.67003943	18.97196451	27.78343823	37.58841086	39.23823462	33.9315252	34.74714514	47.7806504	55.22769534	59.4297671
IDA & IBRD total	1.460273016	6.819057508	-1.068007549	0.325672073	0.676591738	0.342928319	16.03181054	17.71625897	3.582111201	1.580151464	0.763552057	11.12835971	16.53793953	19.4737355	28.38478833	34.04138294	39.17046155	32.08261578	31.18818271	42.8185761	52.46678513	55.95770044
IDA total	-10.23163342	17.68336485	-7.894622416	-6.881942589	-2.094794253	-10.77144525	-9.348353679	34.0542246	18.51666903	11.9879325	5.043348692	11.50655334	19.60828913	21.24883884	30.51217027	21.49314641	38.93070237	25.54177281	18.59772578	25.2643636	42.69957859	43.67465261
IDA blend	0.226275015	6.328131224	3.112558122	-0.740691815	0.333495451	3.661795358	14.12247586	24.41928529	29.30941281	15.48976205	9.546917162	23.14482794	24.18336414	32.75636205	51.30316407	33.08005032	45.15707151	34.6629135	27.82637664	30.54513859	76.42482109	79.61810996
Indonesia	89.92735823	80.02466472	19.86043316	85.06630097	12.91352916	12.78393491	332.6481231	2.237872277	-42.59034406	-46.57475876	-27.05039332	47.66332232	-23.72878534	-9.003403368	0.50889295	104.3829982	-33.6591431	-31.63052513	-1.444299815	-36.07574871	-34.46533544	-33.00645608
IDA only	-13.31614178	21.03253484	-11.14113587	-8.693274129	-2.81100629	-15.02845818	-16.27095876	36.89600229	15.33340264	10.9550852	3.715043447	8.073901813	18.25889338	17.85475178	24.37996949	18.07564641	37.0942656	22.85153748	15.87578085	23.70682514	32.75248511	33.07330765
Isle of Man																						
India	4.028801738	7.139310354	9.684215728	13.95850753	19.03824095	23.17080002	26.96937941	27.50475211	40.98880861	35.88203053	35.19092885	38.19616575	42.45994632	50.66868304	52.62387195	60.93451502	71.69238453	75.7794302	87.01835222	99.76308558	103.8996171	116.4448552
Not classified																						
Ireland	0.605354799	0.505876567	1.151285836	3.364946006	4.255407392	6.966353513	9.16563195	-0.298504836	1.601632626	3.90358859	6.969477789	5.354257824	5.015527911	4.859247824	6.857733411	9.026941537	6.785030988	6.93703286	0.045558274	0.012280561	-6.579566353	-4.803331492
"Iran, Islamic Rep."	9.247205289	15.88401522	15.62337602	28.2470878	30.55027187	36.01370718	42.01784159	44.6993028	50.02508099	57.93764616	62.41203933	70.37594302	81.95602332	94.67526195	103.251485	118.500638	129.4421033					
Iraq	-29.69507775	-20.05231888	-3.294473098	6.800646944	7.42858662	-1.693225472	3.391997352	6.167905855	11.02727803	24.56884415	33.0213393	28.85826009	7.935036034	25.59132177	24.77835097	29.67567884	30.25245818	38.05550393	38.60889519	47.1002002	51.65961664	55.73750806
Iceland	-0.222514079	-4.379724362	-3.986208315	-3.570280173	-4.054689484	-2.662584149	-3.086091439	-83.524597	-83.19038516	-81.05633018	-82.39551336	-81.78675739	-81.88567279	-81.51158093	-81.70753269	-80.55729058	-79.55469275	-76.82408159	-76.36007385	-75.22641356	-74.58640354	-74.65718811
Israel	1.778967738	8.440450541	17.99481465	26.39382167	34.4511496	42.69488159	48.04858615	50.35638182	54.00080172	65.66649829	66.32208262	75.43291208	80.5983049	78.18093572	80.14198152	85.79345398	94.72324504	89.95157366	89.41505819	99.63083411	106.2744139	112.1834291
Italy	-0.526917202	-0.91489185	-2.456462689	-3.017731511	1.90772146	-0.280303708	-0.076869487	2.020791554	2.497629441	7.584036112	6.799845091	8.258651972	11.043654	10.6198178	10.87928891	10.72400934	7.590578032	4.033072695	-5.516637942	-3.794445851	-5.13909337	-5.136152375
Jamaica	0.56190373	9.984694992	12.305098	12.9037384	16.81596606	20.69452351	22.94949721	27.42035869	30.57172203	32.67672283	31.44733741	32.97380786	39.05718673	43.99779474	42.87567369	56.12860954	65.50259735	49.2889	48.98351081	56.46891284	61.53186327	66.04742431
Jordan	2.528993543	20.16894844	24.42895761	29.59411183	36.50859679	41.4371225	45.10152632	47.93470876	47.72488864	53.44885776	52.22751426	62.37708257	61.45785807	80.02793058	92.59524599	96.76227943	106.0516569	110.9530773	109.6299999	120.616874	127.9511327	134.4844571
Japan	1.092819188	1.990320156	2.176530368	6.220640077	8.965051653	9.154507882	8.40982876	5.111382325	7.230370363	7.781131535	6.382900895	9.027311094	9.460286934	9.406409728	10.36495842	9.291394738	12.00911831	6.169256363	-1.106204287	3.506762019	7.0585516	13.35065926
Kazakhstan	-2.530956379	-1.671330832	-12.17705423	-22.41349173	-33.58233549	-26.85062312	-44.31622158	-41.32190237	-50.89348673	-44.2921114	-39.93758691	-23.20944074	-31.02195621	-23.3939502	-21.66313529	-12.75305402	-15.16308744	-11.22210619	-22.69456545	-6.697679737	-5.859718622	-1.554896544
Kenya	-2.059603536	0.176932381	2.319351559	5.970727671	7.332102718	5.626060938	5.886694869	71.00581499	20.68395074	18.73019644	14.05281898	12.43284887	18.91356385	19.51830215	24.95562888	28.43836676	36.23517537	36.80728147	34.93441702	35.26161806	37.41575954	39.43948827
Kyrgyz Republic	-9.313505009	-33.85830035	-46.69154844	-59.72082613	-68.48654771	-62.36015352	-65.69479832	-66.59001695	-70.43517444	-70.0330516	-72.96909216	-68.85637766	-66.97158376	-66.21837286	-67.39354634	-67.90899787	-65.55539491	-64.32654928	-60.28382034	-60.91557375	-58.37635963	-58.55342581
Cambodia	-6.811319135	6.67977467	2.575100723	-9.047575043	6.496621541	-2.554528971	0.146773503	541.9266633	180.3617227	115.7488691	227.8150772	456.270363	442.9111671	813.7376526	418.6606171	423.1032087	909.6961999	517.146693	349.1103578	546.8227688	549.7249549	552.597762
Kiribati	11.12726828	2.964062688	3.629033475	-0.863936709	0.953409219	6.15981031	9.892700434	-1.69329593	1.617929277	7.33762793	10.43999404	12.60404522	12.20499472	16.21610807			29.1501109		32.47665276			
St. Kitts and Nevis																						
"Korea, Rep."	9.381020169	18.00773884	28.13098801	39.10504741	50.95762572	62.17723645	71.02582303	49.91409555	63.0562924	70.65479971	73.83422761	77.98233709	81.76662348	87.17087362	86.81200205	88.25114957	91.53272615	97.99653024	97.83380332	109.2632101	116.333666	122.6245256
Kuwait																						
Latin America & Caribbean (excluding high income)	-1.364575998	1.854431593	7.644786508	-4.946675091	0.502586271	3.688117402	5.930710366	30.83235114	7.065824314	-7.728829085	-8.641530931	1.965074633	8.626334187	20.81245606	38.22602001	9.378131675	49.27739738	7.792820408	-3.681266638	47.69240114	66.26215797	68.47937776
Lao PDR	-11.6441628	27.58767268	4.428300978	-6.577080022	5.81201953	-18.04641889	-17.17034759	370.4382992	375.5573094	-18.12445438	-47.03251376	15.45076542	-32.24716928	153.3594162	77.38897774	-16.77884248	135.5833385	-29.18484624	-18.78268638	26.24206286	435.8927843	436.761576
Lebanon																						
Liberia	-15.73380564	-17.62820049	-19.75906025	-20.93674863	-18.51169188	-14.86927088	-8.565933057	184.1850585	92.36966603	18.47565146	23.47355731	16.81361944	17.71047953	31.89817215	18.84001401	41.27580545	62.48589381	63.37218574	48.34575097	57.40401155	59.61932486	61.70613829
Libya	0.011352593	-9.168434788	-9.042580241	-0.345168923	6.780803851	10.11313391	3.8265884	3.698576639	-1.489001218	4.245225552	2.424731082	3.691304987	11.71120582	12.26770964	14.50300199	16.77390499	16.40041394	21.55521607	21.15667729	27.35352744	31.10753681	34.47445163
St. Lucia	1.41955833	2.402344307	-4.768269344	12.21078775	20.14599464	25.0186181	18.84513333			45.59911195	46.7944779	48.25225187	53.65296336	69.1131426	70.09647511	77.29527119	84.1865235	91.88809809	92.13381697	102.7624662	109.3855438	115.2931987
Latin America & Caribbean	-1.331739855	1.894260887	7.631316007	-4.501455381	0.947045937	4.311557017	6.74029936	31.8733928	8.991122038	-5.63975754	-6.504581794	3.098596898	10.60577979	22.90220964	40.07252276	12.28639704	51.43559391	11.09796584	-0.109270596	50.11315223	68.37751719	70.73679264
Least developed countries: UN classification	-13.86579438	23.69603149	-11.64350297	-8.5661469	-2.586043766	-15.94732845	-17.73498262	39.68280295	18.6170148	13.07728708	5.724702824	10.53088876	20.99893354	22.01110669	27.44298682	20.90799065	41.22935632	25.25499196	17.60466757	26.55715704	36.07495138	36.50021919
Low income	-14.81737238	19.50724009	-19.55929489	-11.86806961	-9.438992527	-18.63789078	-20.66075505	45.57226824	19.59459024	24.03843259	16.51632379	14.86720621	31.3695288	19.47873063	35.40175611	34.24791237	42.92845604	35.00354021	23.82442883	33.22409782	33.82289675	33.92047797
Liechtenstein																						
Sri Lanka	-1.893202424	4.149525229	5.671091575	12.92470983	12.14484373	17.96955084	16.36193303	11.84574914	24.14485806	26.68028906	22.03710371	27.67226733	33.74165367	38.1681749	48.12171569	41.46603634	51.09003147	52.10292709	51.40406447	58.50311933	62.26550258	65.68814403
Lower middle income	12.97450108	19.55543361	2.457542188	11.19725564	2.467214686	-0.949280994	57.28508055	10.30380166	1.66853825	-5.585552015	-5.746045568	13.55960554	3.242438261	12.45586953	16.37259879	30.66057359	18.35639555	12.41534777	18.40016831	16.73718274	31.26314769	34.9957626
Low & middle income	1.525769786	6.916651885	-1.162501914	0.194733785	0.454761524	0.140766311	16.04662846	17.74439539	3.394643052	1.378494231	0.586931955	11.26313447	16.55064334	19.38073377	28.41797628	34.07108319	39.15861399	32.00285514	31.18720244	42.90200512	52.72249254	56.30331217
Lesotho	-0.504152674	12.0177964	5.763844716	4.605674232	2.975841066	-2.280876091	-3.800452586	151.5796107	102.7708078	71.61773388	104.2209844	56.27827668	147.0273463	24.36086989	96.76228938	14.81478845	135.8354948	35.11810133	44.91833539	81.96089843	83.24258258	84.48044733
Late-demographic dividend	-1.004294221	-2.332005156	-0.475659581	-4.472552453	-0.111642847	2.262772989	-0.636971058	13.72923325	-2.683934178	-3.160951819	-3.172959368	6.351697252	18.05065058	20.82066425	31.42956297	33.915719	47.47940929	48.5710868	46.85564311	67.34034925	77.01440206	80.58922872
Lithuania	3.45501784	-29.96985877	-41.69930548	-44.42838773	-46.23247538	-44.5008366	-45.02408519	-53.32757547	-58.17033661	-60.88450955	-61.26802255	-59.58425087	-59.90524618	-58.55876902	-56.62966201	-55.68604935	-52.54150193	-50.80894678	-54.96599335	-50.70988438	-46.03930107	-45.82304625
Luxembourg	4.964993165	3.296032012	5.007104496	-0.953554562	-18.11235251	-19.63817023	-22.64132081	-28.80398407	-26.09296268	-21.62741852	-18.32397618	-11.7900232	-8.050410287	0.106398386	2.624292546	2.989433417	-0.225504772	-3.050250159	-5.790482375	-0.512660065	-1.316163865	-3.747423028
Latvia	-6.202660476	-18.70313326	-28.57831489	-37.40668412	-44.21074617	-44.19361851	-46.38358205	-61.66720109	-64.1310209	-65.81950841	-64.09129418	-59.16465969	-62.03116253	-61.32259586	-60.53138517	-58.25572603	-57.18117641	-57.80930383	-59.66373075	-56.42715975	-57.97139205	-58.58376876
"Macao SAR, China"																						
St. Martin (French part)																						
Morocco	1.997916218	5.264949512	5.092447205	9.880698712	11.61063878	12.08045139	17.04256897	21.56004488	28.50862735	35.77502288	42.65213874	43.63492028	44.55493536	75.77905449	86.51038511	90.24292293	94.74448494	93.51232522	92.18416059	102.6658492	108.7761885	114.2507133
Monaco																						
Moldova	-16.78619118	-29.44057271	-40.11426984	-50.00255289	-56.21358199	-55.52209162	-58.61144502	-62.64436853	-68.81683955	-71.61136532	-70.09734181	-70.34028222	-68.45552559	-67.64953392	-66.43985025	-67.80472808	-68.01460876	-70.6278458	-71.05246156	-70.1846763	-69.935453	-70.15332659
Madagascar	-9.19702808	18.76324045	-12.07487357	-5.198961376	-3.790135696	-10.83157348	-12.70412394	194.6561372	88.12461709	74.1087608	172.5827128	74.88308725	238.7530285	81.54813254	230.5229012	121.832823	177.7163264	95.3708105	144.0052352	142.4470768	143.1816233	143.897975
Maldives																						
Middle East & North Africa	8.091558003	8.690410657	13.58421641	19.914586	50.69953103	55.22556984	57.68500444	64.5149618	71.51556173	78.15340466	83.70117932	90.99662384	99.66910223	74.56315839	82.62263918	91.61774998	138.6337132	80.98243286	84.5816567	46.18887907	101.380785	44.62276301
Mexico	2.230696195	0.100094906	1.612874744	5.276676754	4.413669327	7.822185007	9.103556844	40.10356186	12.08058217	16.66261865	10.88929453	14.8797912	21.76150522	14.90213255	29.77992436	29.94767672	30.79375208	30.35852076	31.30805217	30.19813935	32.11776664	34.25550642
Marshall Islands																						
Middle income	3.411667545	5.463775699	0.960374474	1.586706861	1.596439691	2.307707462	20.28243401	14.53323058	1.52526911	-1.236322828	-1.251221568	10.84724683	14.8406354	19.36942554	27.61209118	34.0506782	38.72359748	31.6565946	32.03682108	44.01877591	54.90338927	58.88615312
North Macedonia	-10.10688595	-19.11999844	-17.7602489	-18.68885999	-19.18525925	-10.59965399	-18.30838489							-21.47823684	-19.10112083	-19.32624366	-13.00248852	-18.04572317	-18.76775629	-14.45344556	-11.74436688	-9.325880652
Mali	-13.46126999	-3.962477283	-7.305547857	-6.074466429	2.237009665	1.766939787	4.67267073	180.612584	154.6880941	128.1006146	173.0567483	159.2360268	118.5573556	187.0401045	182.7780865	171.4067528	142.7227578	182.1653694	140.6440224	149.4886007	150.4832741	151.4696597
Malta	-3.985149638	-5.389789884	19.87850477	8.407757751	4.046764946	2.098745749	8.824189425	5.271156446	6.762429904	-2.005423848	17.04048933	-2.050876298	13.43482084	15.91814927	21.55890697	17.32177427	23.88784208					
Myanmar	-11.26919124	31.52433106	7.081572942	-6.2356554	7.720986843	-19.50848471	-20.37357646	-64.97528925	-61.41980286	-78.85227962	-78.67721363	-74.15095691	-78.59911981	-56.60356858	-74.52584653	-77.2357046	-60.02719308	-78.4105301	-69.61483412	-62.83417181	-39.81133976	-39.64041232
Middle East & North Africa (excluding high income)	2.927035524	7.412534178	11.55318569	17.30914157	21.46031647	23.55524558	27.2835408	30.6102868	35.09343733	41.43019876	44.02369533	48.88000572	53.64474616	63.40365631	70.86202891	79.80493346	86.09636264	9.508470849	6.958764955	12.45652078	15.74102024	18.6880963
Montenegro																						
Mongolia	0.033730353	2.501836666	-0.313565821	-1.937874059	1.855078086	4.687190863	4.681844797	-13.82231881	-47.0522225	-10.83034625	-52.61882989	-13.01518169	-32.48811676	-56.17788862	-52.329448	-34.89200653	-4.546790553	-19.8627603	-13.44814261	-57.16879551		
Northern Mariana Islands	6.587360683	13.28051111	20.06546599	26.96157213	28.14323415	35.51288225	43.0720553	50.5933983	58.11059028	65.46875774	72.92440137	80.26667877	87.49047901	94.73352812	101.9453256	108.1776301	115.0157785	122.5165422	130.5652772	139.3176805	141.7108573	144.1040341
Mozambique	-16.96446466	30.17661772	-24.78843749	-12.48890237	-9.99443858	-22.65819898	-25.67862971	636.9910427	394.8655928	425.7984313	617.5725491	507.444519	766.6541869	637.5429994	754.5347482	636.1270366	675.9025209	788.5034554	650.2520554	827.6870815	828.296922	828.8710234
Mauritania	4.077027479	28.65025316	31.8951946	31.86142964	34.51296875	38.06240553	45.43974926	57.66013218	64.64222459	99.94558389	93.84708075	67.6382948	72.45182039	84.50416152	91.9980689	92.57084518	124.6834667	96.11240163	100.2304061	116.6841265	120.078096	123.245315
Mauritius	2.657975554			5.183235028	16.34491129																	
Malawi	-6.65670387	18.75730086	-12.02810863	-8.844991701	-4.739792912	-9.823486199	-11.15555884	104.4487688	61.27503216	80.97946087	44.84257847	67.18521506	138.2638402	76.67794822	140.1661057	76.35243583	105.2241087	107.7439696	82.68311726	150.85276	152.1438841	153.3898634
Malaysia	0.838313876	27.6593462	18.80716921	14.87585913	26.9891144	20.85600501	23.83423255	30.49164249	-19.33487668	-13.69372886	-11.26616245	0.70292292	-1.611805615	8.911015971	24.20977107	21.04253799	26.23181109	29.29101373	39.97825982	32.7757395	36.87606211	40.54171965
North America	-0.667958376	0.166130778	2.866199509	6.482340696	6.765876136	7.880135127	9.918589958	16.79853205	13.11691678	14.600316	11.78351175	16.98288079	17.75631102	22.82387396	19.09085343	16.96227305	18.91038542	12.04497803	9.029257957	10.86142284	12.75410442	9.28192334
Namibia	-0.727936463	14.65092714	-5.415506733	-0.002409605	-0.752495534	-7.986628347	-3.771124305	204.647559	288.8628269	365.5575532	329.5825548	304.0762442	292.2524514	376.0473095	323.7569946	408.0266656	400.840366	291.7213683	447.5613072	415.7236728	418.5741093	421.2264361
New Caledonia		12.62400219	12.51014806					11.52184109														
Niger	3.383702562	9.34071115	9.565908385	15.38846398	18.1282451	21.26580048	24.04745292	50.10431897	63.38586498	60.54028668	58.48940169	34.59743253	38.11354255	32.64578588	48.04613884	46.85701909	58.31793646	51.40722548	51.97732612	61.9145154	63.68402056	65.39843902
Nigeria	4.923395348	15.48812817	14.90685009	6.880588195	12.72217332	24.41678201	20.25896039	103.5600893	116.5093967	92.91387722	95.46617918	80.71955081	92.89160977	76.47957536	129.3208347	95.11909184	105.2996975	93.57539396	67.29918306	78.96996454	81.78009266	84.35868592
Nicaragua	-6.761786808	-1.256623913	5.584954572	7.977721779	4.926815003	6.988436131	10.35039443	119.1747309	20.98828599	36.82777955	40.91367579	43.41955184	65.29846393	44.13374455	63.99774482	46.62039709	48.84682593	53.86553474	54.54771325	53.88888751	56.56138749	59.04010138
Netherlands	3.507666517	2.722558038	4.337666901	4.36138074	4.715555804	8.792494776	5.064482462	1.155350416	-2.559572287	-1.848008338	-1.878026858	-2.758348872	-1.387112535	-1.38671827	-3.289758038	-5.65790267	-6.958693601	-8.645673016	-10.06094092	-5.36808328	-10.83652677	-12.73870386
Norway	-4.710777568	-4.638333777	-0.312823626	3.764604896	4.599348569	6.745091397	10.50363088	10.63302179	13.08736108	5.561015244	5.966153544	3.295621213	8.458363932	8.995473325	6.094858019	5.764975455	7.319775898	5.242124423	-2.409263634	-2.602841558	-4.869041114	-5.824210724
Nepal	-0.403390609	-3.928855329	1.015752084	2.091902282	7.11423778	8.439723783	9.747131357	12.29615432	64.55143548	24.34748708	18.81264545	15.11678726	18.82565189	21.13805844	22.86848373	23.20124067	24.46530142	27.50276005	30.61878357	30.33783208	32.01899259	62.28271927
Nauru																						
New Zealand	-0.387971853	2.222635207	1.834509601	3.658090568	5.916035662	7.418819571	11.96289373	5.869675356	9.323894143	13.29431623	16.11684654	17.68257978	22.16852728	22.13333309	24.93042567	27.17266057	24.65918576	23.98101216	15.78986467	15.9108996	15.46861554	18.93925642
OECD members	-0.009425639	-0.437879771	0.388212554	3.011091175	3.862901448	5.582337525	9.049940376	11.69821082	10.80685866	11.5778066	11.10968084	12.96212084	13.88101237	16.90812362	14.12031181	14.69708981	15.43999043	10.29083775	7.988519577	8.009001343	8.531393442	7.574739534
Oman	10.82605983	10.50250271	9.882586191	5.554040172	17.23129784	22.24056031	26.99930641	-22.04882471	-12.91103153	0.234230723	15.05756682	22.46053869	31.4187214	30.29984617	36.04272147	43.92401554	48.53110717	56.18379893	57.00233666	66.99143228	71.69670991	75.92780819
Other small states	-4.581700492	-15.34162625	-24.91875299	-22.93786393	-21.60702507	-24.38089225	-32.47244662	11.53532095	22.41264085	15.71733129	24.44022759	21.23957458	8.941466275	20.08168279	20.57199039	41.25056756	26.07720247	71.71165399	36.24855009	89.08509361	93.43226623	98.45912592
Pakistan	1.975849083	7.327168229	12.91903557	16.52363287	21.26827558	27.54491788	30.92102022	35.79021378	42.92102763	43.34798707	45.22331937	48.91464509	57.41125653	68.65364015	73.35988801	82.06444198	94.96227121	96.20364939	98.92300423	105.4627529	110.0680342	114.275183
Panama	7.26809279	17.71894982	20.51521482	24.31209019	29.39553147	30.47438879	30.17183175	47.78500195	28.20855098	34.40190418	66.37667949	53.73004606	59.22727271	58.76568158	55.38485002	75.9170508	71.53473867	121.3324003	127.3038862	126.4123873	132.7473844	138.4458118
Peru	-3.786727723	-0.293267203	5.71216272	-3.420903659	6.486471597	12.31716073	12.81079406	18.06349739	7.990660168	11.80610001	-16.57493956	-14.30038708	-10.83480166	-5.21574692	15.13709129	-1.355872858	19.09055298	6.992994511	8.748478388	20.27082085	23.08454406	25.63265778
Philippines	-0.120512142	5.959839152	10.32367183	21.6872279	30.37505429	39.3763067	46.0596577	69.39792167	46.16934949	55.75547808	48.27324428	43.27270856	45.755185	48.3868248	51.97245332	108.821905	54.74609445	58.09388689	132.266504	65.99006706	69.99330237	73.62544001
Palau																						
Papua New Guinea	99.80140673	91.05321801	26.07168122	97.89422965	20.01775314	16.48709439	385.6110438	-70.40976513	-77.34174456	-72.01246865	-64.88640314	186.0107456	-65.3685376	-33.39848886	-67.9602402	-51.88503878	-66.87495068	-67.74523564	-61.70449632	-63.84364677	-63.09631611	-62.42058704
Poland	-2.932138268	-4.527888419	-5.181262695	-5.304551977	-3.261276905	-8.094134042	-8.539256724	-17.95516765	-19.65633655	-17.16693389	-18.64117704	-20.75306947	-18.22658037	-13.11677447	-13.1228436	-10.70119735	-11.14759826	-11.18834081	-14.47100769	-10.02712691	-10.80650983	-12.53315509
Pre-demographic dividend	-15.47190846	18.71937164	-16.69261952	-9.059121023	-5.56294634	-13.39599816	-15.4123413	57.66256843	31.44021496	36.2130005	27.17439927	26.9636472	43.00183372	30.67260999	49.9533417	41.6552114	55.66410629	46.27286952	33.68683648	40.60784763	41.17921587	41.51614526
Puerto Rico	2.41960367	-6.828440853	-3.710940925	-0.975260641	-1.795725739	0.211614213	1.88200316	-2.593339677	-0.972908511	0.751764055	2.367664701	3.070778962	5.240187769	5.364560318	6.035135075	5.594836873	4.187007625	4.311434913	6.048826704	8.774832926	10.41616698	11.9711597
"Korea, Dem. Peopleâ€™s Rep."	-4.35000905	-12.3756028	-18.77907947	-26.48091263	-31.33700497	-38.27071593	-39.47131136	-48.23574427	-45.11129326	-39.99141371	-37.48191758	-41.09037359	-39.80162301	-37.90741532	-34.62726998	-34.47390805	-43.52487101	-39.02975405	-38.69894872	-36.12456867	-34.25418534	-32.57955025
Portugal	3.611505891	10.4289344	8.772134058	10.74901379	18.85241169	16.15383737	21.50997681	42.76276204	45.50382734	52.15264164	46.66513554	51.68045836	54.39559248	45.86068303	74.47909678	39.68896724	36.3612412	27.83336971	29.65165877	23.10654521	23.61561773	24.55389348
Paraguay	-6.623562126	-0.254744014	10.01759077	-14.8405793	-5.114865093	-2.365971143	-0.696704796	-24.67667913	113.9960164	-38.21508151	36.14475768	30.03053005	31.35310066	8.170574469	42.16205812	5.130884897	117.0893251	-15.26074118	-26.56582758	-21.62812744	-20.97390442	-20.34909479
West Bank and Gaza																						
Pacific island small states	-17.96322908	-32.03171599	-28.11026518	-25.36940485	-23.36174296	-20.86202165	-21.19670083	-22.12101034	-25.61864054	-27.31120964	-25.92501658	-22.61488606	-20.41854916	-21.64048017	-22.97676658	-21.49836216	-18.36218747	-18.55768521	-15.8172999	-17.37628569	-16.02624139	-16.4858114
Post-demographic dividend	-0.610900433	-1.724885691	-1.730057395	-0.136988666	0.44535587	1.59855148	4.788847838	6.421072514	6.415114694	6.731108944	6.835245721	8.223833834	9.201719906	12.05943363	8.538740108	8.866927881	9.448217392	4.375648057	1.659741089	1.635196029	2.236179008	1.149492091
French Polynesia	-4.360464208	-5.302532793	-5.671275729	-25.19021571	-23.35852516	-23.27086868	-19.04589033	-18.4175157	-15.57232743	-39.86009169												
Qatar	6.096002678							76.28464327	98.81126644	102.1963955	107.0947036	113.7723735	135.603942	167.6597064	179.3132599	209.7292501	250.9603566	278.3216809	292.3283307	347.6720925	359.0458963	369.3459583
Romania	-17.24902746	-24.71681145	-29.43069211	-30.87759463	-28.34122099	-26.46731717	-32.34017618	-40.37358324	-47.58130548	-46.36529852	-44.29878742	-45.34100874	-42.9276377	-43.4317623	-43.55445524	-41.61155969	-42.96205303	-44.66382237	-51.61415048	-52.30871376	-48.96685853	-50.75924056
Russian Federation	-5.610330152	-12.95556078	-16.12916229	-24.65509928	-26.39253122	-24.34943963	-31.61475529	-3.725983238	-30.07931846	-22.88412894	-26.27844755	-16.9395682	-1.434626263	-32.83801584	-29.67539836	-23.50387159	-27.53463291	-16.64899628	-28.6806024	-27.55724823	-22.70318663	-21.98874131
Rwanda	2.011920945	3.504022443	-2.780623238	-6.102044015	-0.623597355	5.179496219	13.24960153	67.71541144	48.7491884	50.68838283	20.66619094	47.79638873	47.41272824	73.29208183	52.64507437	54.41933461	50.82017704	59.40345842	83.49103391	101.3391106	103.5768904	105.7202783
South Asia	3.361870215	6.453784336	9.135710441	13.13245052	18.03251583	22.2157034	25.68055201	25.99434623	38.9845725	34.11705749	33.91652869	36.81693686	41.35274867	49.13534435	51.50610947	59.18049085	69.50763807	73.12305074	82.7018663	94.18044233	98.17558232	108.175842
Saudi Arabia																						
Sudan	-13.59356447	-0.275589383	-1.965514097	3.330500605	10.04556646	11.17264696	15.63294749	460.6409412	452.0794869	471.1361506	356.8037006	457.8628496	438.6883119	424.1148048	478.4425067	389.728916	584.5756924	517.6333932	503.4585946	426.145794	428.5581772	430.9150646
Senegal	-3.403622238	3.752453086	3.746888669	5.772977307	10.24425321	14.29681809	19.26423303	308.1497395	411.5793248	341.4577676	433.9147765	399.6043818	213.8839865	346.4845874	356.4895362	430.5377836	330.5377854	370.9013126	329.5834755	384.7993386	388.4527445	391.8597107
Singapore																						
Solomon Islands	-25.19937996	-44.17908895	-40.15736083	-35.42953488	-34.18693514	-31.34254549	-31.23812442	-34.15045171	-35.90156148	-30.78576919	-29.75114601	-26.65760256	-25.43817551	-25.08284405	-26.75870187	-26.54585871	-25.36451584	-25.2692656	-25.13736667	-24.11571985	-23.15447032	-22.22473157
Sierra Leone	-14.23347514	-8.61686065	-12.44758739	-13.8398897	-6.94118883	-7.351027226	-4.804205795	97.13435142	160.0242403	53.330558	236.424998	133.2970076	116.9766763	120.2392225	54.42453148	180.2352208	196.6652794	243.5921724	81.84152557	20.96549676	21.83451369	22.66245797
El Salvador	13.05907848	20.32963208	24.49420988	34.99226153	38.26584143	35.79894496	50.71864636	52.06586788	55.6440034	54.73044125	69.92961042	68.16180069	68.28850231	73.18878497	72.43122274	74.85876064	80.77305256	79.18331073	78.16454352	79.17104712	83.87890257	88.1295049
San Marino																						
Somalia	-9.645989962	-14.25559671	-5.901206411	1.668323546	4.507341604	6.9780349	9.465880374	16.52323203	18.00520709	14.13776824	15.01720972	16.47370382	19.84675737	18.04361763	18.19446366	17.95425687	18.48783974	19.48120557	17.69700443	19.54169245	20.81420991	22.07334447
Serbia																						
Sub-Saharan Africa (excluding high income)	-13.25990938	17.44411236	-15.04193085	-8.243403108	-4.491300841	-10.80508293	-12.12404009	63.47326139	38.95955643	41.62264151	32.05553034	32.97573911	47.3442481	36.23324504	55.75779207	47.32965185	60.46935824	40.04744718	26.04882292	34.25398763	34.71591415	35.51596253
South Sudan																						
Sub-Saharan Africa	-13.25740724	17.44284254	-15.03950789	-8.242021084	-4.489719745	-10.80301364	-12.12031379	63.45567299	38.94460551	41.60740406	32.04132224	32.98148285	47.34892789	36.21858745	55.7410338	47.31380038	60.47526016	40.0561324	26.05900033	34.26469991	34.72745329	35.52819486
Small states	-4.521204286	-12.75963462	-19.45705863	-20.07874859	-17.98599443	-19.56073594	-25.98075909	13.50151385	19.12109306	14.64914903	20.79201844	9.756277703	14.01922872	24.75692531	27.46523614	47.26366702	35.94463493	72.76241016	53.44416971	87.11076932	92.919468	98.45292153
Sao Tome and Principe	4.889955062	3.932836077	4.780547377	5.587362241	9.988365706	10.63423351	14.37624041	7.693042886	12.19354771	112.2597855	92.83448553	95.44218292	115.7321794	74.41900731	81.84051461	59.30089615	74.10832655	80.52553463	81.61341981	90.25940515	95.68107725	100.5548973
Suriname	-3.814277775	0.570014765	5.465723704	-19.11998524	-12.4801252	-10.35133729	-11.47577895	-69.67179494	-76.03368806	-76.22608076		-70.09317813	-73.58297969	-68.82894761	-75.45144609	-75.84044938	-76.50106366	-68.91913847	-70.22502479		-75.24971326	-74.68182458
Slovak Republic	-12.28686775	-17.97655198	-22.4669037	-25.2732258	-25.51496271	-24.07777776	-24.04748817	-26.62015917	-27.62242527	-30.22461645	-30.72518345	-31.37891183	-31.72648642	-33.08088189	-32.24864569	-33.03918903	-33.37950688	-31.96882817	-35.3428226	-30.84474076	-32.81192025	-35.92622945
Slovenia	-7.247170488	-10.77606392	-8.363854123	-8.240723814	-5.547728955	0.551499048	9.11218347	7.399311177	5.777549006	4.750538915	8.591397673	11.8341837	9.80313176	10.44377377	11.95744566	14.03355862	14.78883059	16.38920326	7.383793124	9.588732654	7.685719258	5.489665337
Sweden	2.084209368	3.380907965	3.558847658	6.785619328	6.555830683	13.89088181	5.770475862	7.951717855	5.620987577	0.979101817	-0.067201237	2.183187629	2.94578572	0.650858037	-3.379596534	-3.886875579	-7.616231012	-9.300656097	-15.72695517	-7.432815309	-10.87243766	-14.77617943
Eswatini	-0.524560439	1.195652563	-7.474720963	-1.903342236	1.367281226	2.324074762	5.465945776	76.61874733	43.78390618	24.45625315	19.16158231	22.06038052	16.39265522	35.24034844	30.01320421	17.0279501	64.27402327	43.96017752	34.08452404	49.37649591	51.66183025	53.78462876
Sint Maarten (Dutch part)																						
Seychelles	9.995880909	5.641931731	7.478045853	4.601647101	10.20400891	8.42766635	22.50957908					86.36020342	90.83994778				115.3240243	120.7711888	120.6414625	133.8179197	141.965058	149.2078543
Syrian Arab Republic	12.6704389	17.63074836	20.3539461	18.33938453	24.64785826	27.78260004	27.95908626	37.13116323	39.02935345	40.24761652	34.94755339	36.28294455	36.09744429	37.67070156	39.10082918	46.1767773	50.34964012	44.22742693	44.01779719	50.2425853	54.68730626	58.67365673
Turks and Caicos Islands	263.3055544	289.2234012	217.6060876	227.2028751																		
Chad	-16.71247065	-5.680443016	-11.10087267	-11.13973126	-2.195417588	-3.041505292	2.969982803	501.5718261	574.4049281	604.79668	467.8136912	593.5465786	622.1462003	582.2954084	575.477171	596.0668793	601.2459615	551.960412	456.3852969	495.0959825	496.9130745	498.7255734
East Asia & Pacific (IDA & IBRD countries)	16.91674791	24.24462416	13.48026814	26.89201466	23.25527275	21.88514174	78.52321768	19.45793748	6.582195591	1.541839203	5.862256334	28.04344019	24.77134289	47.15830665	55.44903766	85.07884935	74.09667567	83.11840886	99.72010147	103.3212376	121.7050655	128.5200569
Europe & Central Asia (IDA & IBRD countries)	-5.837210226	-13.58287347	-17.19955361	-24.88465467	-26.46480616	-26.03245295	-31.28471447	-18.20007245	-33.15334217	-28.43745479	-30.51211589	-24.16692463	-15.4729646	-31.53892272	-29.74443327	-25.04071067	-26.53743301	-20.40082751	-29.36631959	-26.66095136	-23.18369136	-22.67798884
Togo	-18.35889947	-9.217619777	-15.0297542	-12.22936469	-4.701969185	-1.65262469	-1.376580741	117.7254388	48.37901714	64.46150219	34.95415848	56.52471255	51.55418995	7.291018958	139.2270382	32.34783312	44.59055177	102.6365134	77.89439179	68.36457	69.7256099	71.0023706
Thailand	5.632637019	14.62452057	18.16479365	25.10854557	35.35516634	42.06678071	44.55006066	92.47273209	52.16032994	36.43475696	38.06193886	54.97917245	55.81480457	82.71943773	75.09887253	68.20920908	86.75511065	71.92318496	74.8424137	102.4522086	107.2990513	111.6724265
Tajikistan	4.583738048	-6.554488453	-25.91648118	-39.74176458	-41.3155866	-42.88254507	-46.81169332	-46.86888118	-47.70129585	-53.57500311	-52.16115931	-52.36957852	-50.00577345	-45.16172973	-43.61278257	-38.89622926	-32.93449757	-34.12146862	-34.79398573	-32.03265292	-29.454599	-29.09113552
Turkmenistan	-8.016883468	-30.77104303	-28.92391794	-31.41983868	-32.07577251	-37.17538515	-43.58345804	-43.65201013	-31.17862855	-22.2492252	-17.72431471	-12.90807266	-1.591795855	-5.367141459	-2.651132189	-0.373219351	6.583182032	12.46388806	-1.617724169	7.435957898	8.996292468	13.33574438
Latin America & the Caribbean (IDA & IBRD countries)	-1.17420482	2.285788189	8.222164546	-4.212719883	1.300336205	4.659767212	7.111378181	32.83266481	9.517675293	-5.404774277	-6.231431592	3.42551591	11.11842748	23.64967464	41.24007364	12.90843423	52.87383074	11.59521502	0.104865976	51.33275394	69.90961001	72.22539956
Timor-Leste	16.86527794	13.21724033	18.09555556	55.47864997	72.44908285	40.70994558	36.2630819	41.97055759	23.6874063	35.82818125	74.58707423	77.48786658	89.9276862	94.0170933	95.48529784	98.24766721	99.08309895	101.4783499	104.278154	107.5990754	109.6844697	111.7684001
Middle East & North Africa (IDA & IBRD countries)	2.927035524	7.412534178	11.55318569	17.30914157	21.46031647	23.55524558	27.2835408	30.6102868	35.09343733	41.43019876	44.02369533	48.88000572	53.64474616	63.40365631	70.86202891	79.80493346	86.09636264	9.508470849	6.958764955	12.45652078	15.74102024	18.6880963
Tonga	5.384168956	14.65872409	15.90829535	24.62824295	20.89167389	24.0392583	22.33988783	14.31285654	13.12757824	40.71482004	40.49261833	20.62136495	27.00840187	22.53016726	23.57665788	22.76092187	23.31702399	18.59076023	18.56483136	22.08562721	24.78243577	
South Asia (IDA & IBRD)	3.361870215	6.453784336	9.135710441	13.13245052	18.03251583	22.2157034	25.68055201	25.99434623	38.9845725	34.11705749	33.91652869	36.81693686	41.35274867	49.13534435	51.50610947	59.18049085	69.50763807	73.12305074	82.7018663	94.18044233	98.17558232	108.175842
Sub-Saharan Africa (IDA & IBRD countries)	-13.25740724	17.44284254	-15.03950789	-8.242021084	-4.489719745	-10.80301364	-12.12031379	63.45567299	38.94460551	41.60740406	32.04132224	32.98148285	47.34892789	36.21858745	55.7410338	47.31380038	60.47526016	40.0561324	26.05900033	34.26469991	34.72745329	35.52819486
Trinidad and Tobago																						
Tunisia	4.112170763	9.197596496	12.94321711	12.97256859	16.62370563	22.85531739	26.52476866	32.63573449	38.85582688	45.15188927	47.42357414	48.77374179	48.5973045	53.30141386	51.6224498	56.64256709	58.20946451	65.42691084	67.56941976	77.43491059	82.57728316	87.19518244
Turkey	1.011047429	5.991034322	9.107322201	7.32178533	16.37019237	23.85354865	29.05743919	31.82129975	31.67358639	40.99001516	32.56944381	38.1370702	44.24955456	48.57838524	54.8590348	68.02889885	81.01219923	77.84175492	80.27196178	88.32917823	93.70948584	98.53959513
Tuvalu	8.362354864	11.31831121	10.29039337	12.87757595	14.85122353	16.01119439	18.42812046	19.06933588	21.0810183	21.44748805	21.70711502	24.85710708	25.0267634	24.99125826	25.06390788	25.1234204	25.31939556	25.55664209	25.69671049	26.72522175	28.3695991	29.95526539
Tanzania	-13.82605956	27.30210666	-20.28779109	-9.320831012	-4.256660884	-16.38626915	-19.70728842	201.3404973	65.93226971	127.4050184	107.1453755	93.41392198	173.51856	133.1017763	183.8716669	76.39453006	112.9623118	112.0984198	143.7458017	146.5795904	147.2271065	147.8495787
Uganda	-4.285489512	0.866269588	0.683963224	0.688697575	5.041969325	5.524742983	7.673379255	132.7270221	59.65285803	97.20884707	57.15926458	62.11935701	142.8003837	90.07766611	201.7483709	10.51069684	182.3824877	141.7490734	43.16964787	116.544932	117.6635015	118.7640731
Ukraine	-7.124959349	-15.61776999	-25.2977981	-36.34731669	-37.213042	-43.98718342	-46.01431704	-49.0628229	-49.28782635	-50.67687294	-51.74096567	-51.45156541	-49.18397832	-52.03484448	-54.39510837	-54.60883841	-53.39492835	-54.16970455	-61.45813734	-58.75728265	-56.97626069	-57.5183766
Upper middle income	-1.387856084	-1.608735272	0.208955787	-3.236764735	1.159403413	3.942368674	1.711047638	16.6559533	1.453363266	0.946526866	1.004701211	9.485931725	20.66169472	22.8392941	33.25311893	35.75214954	48.94576297	41.31365058	38.88096794	57.71122915	66.76827196	70.87658393
Uruguay	6.406496797	12.56626124	14.75742402	15.00913236	16.36048351	21.38113146	20.47521121	18.62595817	23.5709232	16.3307151	13.46463771	15.12555547	18.38161821	25.18088002	25.18925945	30.3464484	29.78697228	30.41058089	28.33267431	27.47298132	29.3440837	31.12129848
United States	-1.017743618	0.022895675	2.38931822	3.893123532	3.735326067	7.197080683	9.587873783	9.988808026	10.95231518	13.57590623	11.16577021	13.78227532	13.93658196	18.05999208	17.05832709	13.98273022	16.18062371	8.358700857	7.62660236	9.407540304	7.098335072	3.385655837
Uzbekistan	1.411646892	-3.948725001	-3.891598273	-7.447502964	-14.31367085	-13.39120285	-10.69403146	-2.225759077	-1.013907543	-1.996133703	-0.528607935	3.961249826	2.495299954	1.169162725	-1.056383665	2.494299881	2.675284245	8.616379271	2.721293929	1.987017087	6.718003149	4.644758954
St. Vincent and the Grenadines	-3.976216503	-1.484119473	-10.82828325	26.65292109	33.75760072	33.39748915	22.82290122	51.94028939	61.30889496	58.24152474	59.07781975	66.60485669	70.70866181	84.81306298	85.58593404	90.49844311	96.93837965	102.5013368		114.4277137	121.0553146	126.9815507
"Venezuela, RB"	-0.98673682	1.448545415	6.929337852	0.831337527	8.357147211	14.19957101	18.98502231	35.96587552	9.890548776	19.74144645	26.40131171	10.79739274	33.82464576	23.01842401	21.4442895	21.80170673	33.33665425	29.07853857	26.5048914	27.91186686	31.2138573	34.1826944
British Virgin Islands	-1.778047814	2.098931864																				
Virgin Islands (U.S.)	1.062450027	2.22643541	3.219905239	4.252906172	5.051870694	6.035419666	7.276906499	-7.234573978	-5.907433108	-4.472948744	-3.118524414	-1.70731234	-0.341733117	0.925324095	6.090805598	9.421215582	14.23830591	18.85244032	25.03182413	32.9231617	34.34375001	35.75011586
Vietnam	2.457708818	5.778974549	9.911022908	15.13989607	21.8115329	28.48874648	34.97273399	88.47125217	77.26031709	57.27990905	61.4906499	89.50791883	92.23801262	131.4112809	134.7305043	136.5976449	158.8455815	157.9903211	168.6232308	181.6590716	187.8139978	213.6312625
Vanuatu	-2.95769931	-6.598219928	-1.309182745	-1.891531465	-1.615227232	-0.349369541	1.910672946	2.541698028	4.587095161	6.758512242	5.480754296	2.349521704	1.843683529	0.391981549	0.642745345	-0.478366283	2.573697416	3.528512374	-1.498396442	0.095490869	1.569325077	2.969541169
World	0.929410466	4.164516244	-0.394433332	1.512173906	2.113817163	2.684585473	13.45212135	15.21258297	6.957003572	6.097657902	5.580386588	12.65532292	16.19090625	19.42533716	23.49824402	27.2226711	30.72077007	27.28663	25.94268428	33.16302371	38.07881404	40.00330807
Samoa	-0.969322454	2.048203468	1.115773218	-5.325235671	-2.524218084	0.538451328	6.69238579	4.432100912	6.457946841	10.94547662	13.00441129	9.709713179	9.394154571	8.859663443	7.00056735	13.60283334	13.87444662	15.02230895	15.18648476	18.76338882	21.51654974	24.02598852
Kosovo																						
"Yemen, Rep."	13.12398888	19.3591897	13.64201068	29.34667858	39.17863518	43.08393095	53.12059542	62.41065632	78.17645622	88.52260652	96.18980631	106.8488372	125.5501352	129.6828578	154.2113225	172.0576618	181.9111846	186.3827831	188.1491466	202.4533222	210.8874747	218.4792608
South Africa	-1.664046588	1.330045926	-0.389824512	1.85324768	6.342518907	9.871440829	15.41473179	31.12636622	23.38240718	20.41246917	19.13770214	24.30371891	30.67912652	35.36972534	42.70046653	37.4719295	43.79363581					
Zambia	-16.98275892	32.72656197	-25.33837082	-12.86063082	-11.67175935	-25.26517118	-28.458101	113.9833856	56.91190625	38.71405024	41.8814353	43.26920652	69.81962736	76.00656893	89.10026819	50.15276351	62.65565859	53.19118843	26.9353596	52.53347492	52.64798385	52.7574628
Zimbabwe	-2.757962188	9.046537394	-14.00880726	-13.93667742	-13.45733505	-12.90676595	-16.04293261	117.636809	90.09552831	46.53467363	66.52859396	43.25085419	37.36787045	75.90172701	70.63702633	58.21751144	73.55213972	96.12407085	93.48430043	102.3302649	103.8767789	105.2894362
